ID,Decision summary,Cluster,Current evidence,Existing coverage,Disposition,Target artifact,Confidence,Kayden required?
R001,The Workbench is a perpetual handoff,Continuity & handoff,No ADR states fresh-agent recovery as the acceptance boundary; 0035/0040 imply it. S-046 Outcome restates it as a spec goal only.,WB-0035 WB-0040,KEEP - ADR,CAND-A,High,no
R002,Complete the assigned outcome autonomously,Authority & governance planes,ADR-0035 + AGENTS 'Assigned Work And Stances' carry execution autonomy and the no-self-tasking limit verbatim.,WB-0035,ALREADY COVERED,ADR-0035,High,no
R003,Every imposed step must help delivery,Delivery without governance tax,"ADR-0034 accepted and canonicalized_in AGENTS.md, BLUEPRINT.md.",WB-0034,ALREADY COVERED,ADR-0034,High,no
R004,Standalone Workbench before coordination,Extension architecture (Foundry/CIC/Audit),Both accepted; AGENTS states no coordination system may be required.,WB-0015 WB-0026,ALREADY COVERED,"ADR-0015, ADR-0026",High,no
R005,One canonical Workbench source and release home,Extension architecture (Foundry/CIC/Audit),ADR-0026 names LLM_Workbench the sole source and records the rejected producer topology.,WB-0026,ALREADY COVERED,ADR-0026,High,no
R006,Instruction authority and implemented state are different questions,Authority & governance planes,ADR-0027 splits the two lists and names the three conditions; AGENTS State Resolution carries it.,WB-0027,ALREADY COVERED,ADR-0027,High,no
R007,Governance planes classify a claim in an operation,Authority & governance planes,0025 supersedes the blanket ADR/SPEC-as-Grounding rule explicitly.,WB-0001 WB-0025,ALREADY COVERED,"ADR-0001, ADR-0025",High,no
R008,Binding requirements live in their current owners,Authority & governance planes,ADR-0002 + canonicalized_in requirement.,WB-0002,ALREADY COVERED,ADR-0002,High,no
R009,The Contract is a logical claim set,Authority & governance planes,0033 rejects a coequal CONTRACT.md by name.,WB-0013 WB-0033,ALREADY COVERED,"ADR-0013, ADR-0033",High,no
R010,All planes permit CRUD subject to the operation,Authority & governance planes,"ADR-0003 states append-only is an artifact convention, not a plane ban.",WB-0003,ALREADY COVERED,ADR-0003,High,no
R011,A policy file is not enforcement,Authority & governance planes,0005 requires a running consumer; 0029 registers which consumers enforce.,WB-0005 WB-0023,ALREADY COVERED,"ADR-0005, ADR-0023",High,no
R012,Tools handle deterministic structure; agents handle judgment,Authority & governance planes,ADR-0023 also guards against the over-reading (a missing tool cannot fail ordinary work).,WB-0023,ALREADY COVERED,ADR-0023,High,no
R013,A check can block only what it evaluates,Delivery without governance tax,ADR-0020 forbids the global-green precondition by name.,WB-0020 WB-0029,ALREADY COVERED,"ADR-0020, ADR-0029",High,no
R014,Diagnostic effects belong to trusted consumers,Delivery without governance tax,diagnostics.mjs registers code/severity/scope/effect; verified 33 attention findings block nothing.,WB-0029,ALREADY COVERED,ADR-0029,High,no
R015,Ordinary work does not need a Job Order,Delivery without governance tax,"AGENTS: 'no coordination system, order form, flight, scheduler... may be required'.",GO-0021 WB-0015 WB-0026,ALREADY COVERED,"ADR-0015, ADR-0026",High,no
R016,A report never authorizes its own repair,"Evidence, review & evaluation",REPORT_FORMAT: 'A report never repairs its target or grants repair or automated-merge authority.',WB-0037 WB-0038 AU-0007,ALREADY COVERED,"ADR-0037, REPORT_FORMAT.md",High,no
R017,"Read-only applies to the named target, not every composed activity",Skill composition & bundle,No upstream rule composes read-only scope with effects; AU-0007 is the only worked example.,AU-0007 WB-0036,MERGE WITH CAND-E,CAND-E,Medium,no
R018,Owner authorization is scoped and cannot be fabricated,Authority & governance planes,ADR-0027 covers instruction authority order but not the no-widening-by-child rule.,GO-0009 WB-0027,MERGE WITH CAND-B,CAND-B,Medium,no
R019,"Separate Proof, Audit and Owner Command",Authority & governance planes,"No ADR separates mechanical proof, independent judgment and owner authorization; 0023/0037 each cover one edge.",-,KEEP - ADR,CAND-B,High,no
R020,Nearest-root boot with explicit outer safety inheritance,Authority & governance planes,ADR-0026 names the three boot shapes explicitly.,GO-0022 WB-0026,ALREADY COVERED,ADR-0026,High,no
R021,No machine-global import of one project's interior,"Adoption, upgrade & installed integrity",Nearest-root boot consequence; no machine-global import exists in this repo.,WB-0026,ALREADY COVERED,ADR-0026,Medium,no
R022,Stable specs own capability detail; boards project active work,"Records, ownership & navigation",TASKBOARD.md is a generated hot-specs projection with no separate decision store; verified.,WB-0033 WB-0035,ALREADY COVERED,"ADR-0033, ADR-0035",High,no
R023,Size execution slices for a fresh context,"Records, ownership & navigation",tracer-bullet skill ships; no written sizing heuristic. Token/byte thresholds were never owner-accepted.,-,KEEP - DOC,RUNBOOK / tracer-bullet,Medium,no
R024,Keep completed evidence and link successors,"Records, ownership & navigation",AGENTS forbids rewriting append-only evidence; successor-linking has no stated owner rule.,WB-0003 WB-0035,MERGE WITH CAND-S,CAND-S,Medium,no
R025,Six lowercase support lanes ship as structural slots,"Records, ownership & navigation",Six lanes present on disk and declared in manifest schema 2.,WB-0017,ALREADY COVERED,ADR-0017,High,no
R026,The manifest declares machine-used paths,"Records, ownership & navigation",manifest.json schema 2 declares six lanes and seven collections; workbench-paths.mjs is the single reader.,WB-0032,ALREADY COVERED,ADR-0032,High,no
R027,Every project has a local Wiki,"Records, ownership & navigation",workbench/wiki/ present with MEMORY.md router and SCHEMA.md.,WB-0018,ALREADY COVERED,ADR-0018,High,no
R028,Wiki and recall index have different ownership,"Records, ownership & navigation","SCHEMA knowledge_role already admits 'derived'; no recall-database consumer exists, so only the boundary note is owed.",-,KEEP - DOC,workbench/wiki/SCHEMA.md,Medium,no
R029,Traverse from a context map before broad searching,"Records, ownership & navigation","ADR-0042 accepted 2026-09-06, canonicalized in AGENTS/BLUEPRINT/LEXICON.",WB-0042,ALREADY COVERED,ADR-0042,High,no
R030,Lexicon is a bounded glossary and route map,"Records, ownership & navigation",LEXICON is a bounded glossary with routing; no rename occurred.,WB-0042,ALREADY COVERED,"ADR-0042, LEXICON.md",Med-High,no
R031,Cross-context relationships are derived from existing owners,"Records, ownership & navigation",ADR-0042 rejects a second master index by name.,GO-0016 WB-0042,ALREADY COVERED,"ADR-0042, ADR-0002",High,no
R032,"Use shallow, human-readable knowledge organization","Records, ownership & navigation",SCHEMA line 80: 'Keep every collection flat; do not add category indexes.',WB-0018,ALREADY COVERED,workbench/wiki/SCHEMA.md,High,no
R033,"Guidebooks are Wiki collections, not a new lane","Records, ownership & navigation",ADR-0018 rejects a guidebooks lane by name.,WB-0018,ALREADY COVERED,ADR-0018,High,no
R034,Design Concepts explain the model and link evidence,"Records, ownership & navigation",ADR-0030 requires Evidence and Sources plus History.,WB-0030,ALREADY COVERED,ADR-0030,High,no
R035,Design Concept creation is owner-directed,"Records, ownership & navigation",ADR-0030: owner alone authorizes creation; agents mark stale rather than infer.,WB-0030,ALREADY COVERED,ADR-0030,High,no
R036,Parent knowledge is shared; child knowledge stays local,"Records, ownership & navigation",Parent/child ownership stated in ADR-0030.,WB-0030,ALREADY COVERED,ADR-0030,High,no
R037,Update touched owners during the same work,"Records, ownership & navigation",AGENTS: 'Documentation is part of done; the implementing agent is its documentation owner' plus the routing table.,WB-0002 WB-0035,ALREADY COVERED,AGENTS.md,High,no
R038,"Promotion is per decision, with preserved provenance","Records, ownership & navigation",RESOLVED 2026-09-07: per-decision promotion with provenance becomes a base capability once promote enters core. Its plane routing is already ADR-0025-correct and is the model save must be reconciled to.,WB-0002 WB-0040,RESOLVED,ADR (CAND-F),High,no
R039,Small independent ADRs preserve the reasons,"Records, ownership & navigation","28 small ADRs demonstrate the practice; the threshold rationale is nowhere written, and this triage needed it.",-,KEEP - DOC,ADR authoring guidance,Med-High,no
R040,ADR publication must update binding controls and links,"Records, ownership & navigation",ADR-0002 states the rule; nothing checks that a canonicalized_in target actually carries the rule.,WB-0002 WB-0030,KEEP - CONTRACT,AGENTS.md + new conformance test,Med-High,no
R041,No extra ADR index was originally selected,"Records, ownership & navigation","RECONCILED: REGISTER.md is generated by adr.mjs, marked do-not-edit, and stale-register is attention/blocks-none. The 2026-09-03 no-hand-index ruling is intact.",-,ALREADY COVERED,REGISTER.md,High,no
R042,Names and identities are independent,"Records, ownership & navigation",ADR-0041 preserves references and rejects a second global identity.,WB-0041,ALREADY COVERED,ADR-0041,High,no
R043,Visible base-62 identifiers are local to type and Workbench,"Records, ownership & navigation",S-047 open; ADR-0041 says accepting it migrates nothing.,WB-0041,ALREADY COVERED,"ADR-0041, S-047",High,no
R044,Objective continuity crosses providers and sessions,Continuity & handoff,Cross-provider resume tooling exists (tools/cross-provider-resume.mjs); the acceptance boundary is unstated.,WB-0040 WB-0035,MERGE WITH CAND-A,CAND-A,High,no
R045,New live notepads use versioned JSON,Continuity & handoff,"S-046 active, TK-002 ready; ADR-0040 accepted.",WB-0040,ALREADY COVERED,"ADR-0040, S-046",High,no
R046,Editable resume state plus append-oriented work history,Continuity & handoff,S-046 Decisions: resume view plus append-oriented record accepted; field names are engineering.,WB-0040,ALREADY COVERED,"ADR-0040, S-046",High,no
R047,"Capture by survival value, not exhaustive event logging",Continuity & handoff,"ADR-0040: 'JSON is a storage format, not unlimited storage'.",WB-0040,ALREADY COVERED,ADR-0040,High,no
R048,Raw live notes remain local and non-authoritative,Continuity & handoff,Both accepted; sessions/.gitignore keeps grilling and handoffs untracked.,WB-0028 WB-0040,ALREADY COVERED,"ADR-0028, ADR-0040",High,no
R049,Dispose only after reconciliation; preserve unresolved material,Continuity & handoff,S-046 records P-2 reconcile-before-delete under explicit make-it-so authority.,WB-0040,ALREADY COVERED,"ADR-0040, S-046 P-2",High,no
R050,A handoff is authored for a particular receiver and purpose,Continuity & handoff,A `handoff` skill exists in the personal home only; no Workbench-side handoff contract.,WB-0035 WB-0040,MERGE WITH CAND-A,CAND-A,Medium,no
R051,Checkpointing and handoff are not session termination,Continuity & handoff,"RESOLVED 2026-09-07: the durable boundary becomes the promotion operation, not a checkpoint artifact. sessions/checkpoints retires as an active collection and freezes as read-only history; notepads and handoffs stay temporary sources.",-,RESOLVED,ADR (CAND-Q),High,no
R052,Preserve the entire question inventory and stable IDs,Continuity & handoff,ADR-0040 requires preserving corrections but not stable question identity across merges.,-,MERGE WITH ADR-0040,ADR-0040 amendment,Med-High,no
R053,One live session record; duplicates must declare supersession,Continuity & handoff,"VERIFIED DEFECT: installed personal checkpoint/make-it-so/grilling skills still name `workbench/sessions/grilling diary/`, which does not exist; manifest declares `workbench/sessions/grilling`.",WB-0040,KEEP - CONTRACT,S-046 schema + installed-skill repair,High,no
R054,"Cross-host transport is explicit, not incidental Git sync",Continuity & handoff,"RESOLVED 2026-09-07: a separate private `workbench_sessions` Git repository keyed by a stable per-Workbench identity, synced by a shared tool. Optional capability; ordinary local operation stays independent of it.",WB-0040,RESOLVED,ADR (CAND-N),High,no
R055,Durable evidence must survive its stated recovery boundary,Continuity & handoff,ADR-0028 covers the untracked case; release-vs-installed-vs-running is only in AU-0004 downstream.,WB-0028 WB-0031,MERGE WITH CAND-H,CAND-H,High,no
R056,Small reusable primitives and thin entrypoints,Skill composition & bundle,17-skill closed bundle exists; no composition contract is written for it.,-,MERGE WITH CAND-E,CAND-E,Medium,no
R057,"Invocation, composition and authorization are separate axes",Skill composition & bundle,`promote` uses disable-model-invocation:true; the axis distinction is real but undocumented upstream.,-,MERGE WITH CAND-E,CAND-E,Medium,no
R058,A primitive is agnostic to its first caller,Skill composition & bundle,`save` is caller-agnostic by design in the personal home; the rule is not stated upstream.,-,MERGE WITH CAND-E,CAND-E,Medium,no
R059,Compose within existing authorization without repeating approval,Skill composition & bundle,ADR-0027 gives the authority order but no scope-inheritance stop condition for composed skills.,WB-0027,MERGE WITH CAND-E,CAND-E,Medium,no
R060,Skill callability needs verification at the host boundary,Skill composition & bundle,"tools/test-symlink-invocation.mjs and test-skill-catalog.mjs check presence and discovery roots, not that a parent actually invokes a child.",WB-0005,KEEP - ADR,CAND-E,Med-High,no
R061,Skill metadata must distinguish invocation from mere mention,Skill composition & bundle,"The invokes/routes/reads schema was an assistant proposal, never owner-accepted; a grep-based edge test would fail legitimate routers.",-,REJECT,(problem retained in CAND-E),Med-High,no
R062,Skill names should avoid accidental everyday triggers,Skill composition & bundle,"`implement` is still in the required bundle, so the historical retirement was not a settled outcome.",-,KEEP - DOC,skills/README.md,Medium,no
R063,Delete empty document stubs instead of implying completeness,Skill composition & bundle,"Cheap, checkable writing convention; no ADR-level constraint.",-,KEEP - DOC,skills/README.md,High,no
R064,Stances change method without changing authority,Skill composition & bundle,Four stance skills present in skills/ and in skillPolicy.required.,WB-0036,ALREADY COVERED,ADR-0036,High,no
R065,Grilling establishes shared understanding before promotion,Skill composition & bundle,grilling ships in the bundle; AGENTS forbids requiring it for routine decisions.,WB-0035,ALREADY COVERED,"ADR-0035, grilling skill",Med-High,no
R066,Plan unknown work through decision tasks before implementation,Skill composition & bundle,AGENTS already forbids manufacturing a queue; the positive pattern is unwritten.,-,KEEP - DOC,RUNBOOK / wayfinder,Medium,no
R067,Lifecycle stages remain independently usable skills,Skill composition & bundle,Flight stages live only in the personal skills home; the generic lesson belongs to CAND-E.,-,MERGE WITH CAND-R,CAND-R,Medium,no
R068,One stable shared discovery home across providers,Skill composition & bundle,"RESOLVED 2026-09-07: three ownership scopes, two distribution tiers. KaydenClark/skills stays the canonical home for personally accepted skills and is optional from the product's view; global availability does not make a skill a Workbench feature.",-,RESOLVED,ADR (CAND-F),High,no
R069,Bundle the portable core; install missing skills without overwriting custom ones,Skill composition & bundle,"skills/ ships the core; normalSetup=presence-only, updates=explicit-only; test-core-skill-installer covers non-overwrite.",WB-0036,ALREADY COVERED,"ADR-0036, skillPolicy",High,no
R070,"Genesis, adoption and upgrade are different operations","Adoption, upgrade & installed integrity","genesis, adoption and update-harness are three separate skills with different contracts and no ADR stating why.",-,KEEP - ADR,CAND-G,High,no
R071,Adopt real projects without erasing their history,"Adoption, upgrade & installed integrity",workbench-adoption.mjs migrate implements lossless migration; the invariant has no ADR.,WB-0031 WB-0032,MERGE WITH CAND-G,CAND-G,High,no
R072,Managed runtime files have one owner and explicit update receipts,"Adoption, upgrade & installed integrity",tools lane with release/commit/per-file hashes; root tools/ stays application-owned. Dogfooded here.,WB-0031,ALREADY COVERED,ADR-0031,High,no
R073,Preflight every consumed source lane before mutation,"Adoption, upgrade & installed integrity",S-032 upgrade-route-and-source-provenance implements multi-lane preflight; no ADR.,WB-0031,MERGE WITH CAND-G,CAND-G,High,no
R074,"Release, adopted files and running behavior are separate states","Adoption, upgrade & installed integrity",AU-0004 holds this downstream only; upstream has S-039/S-042 implementing it with no ADR.,AU-0004 WB-0031,KEEP - ADR,CAND-H,High,no
R075,Use the manifest's exact integration branch,"Adoption, upgrade & installed integrity",manifest git.integrationBranch = integration; doctor registers both diagnostics.,WB-0039,ALREADY COVERED,ADR-0039,High,no
R076,Review the immutable integration candidate independently,"Delivery, remote recovery & integration",ADR-0037 accepted; AGENTS Branch Completion carries it.,WB-0037,ALREADY COVERED,ADR-0037,High,no
R077,Target movement requires review of the resulting candidate,"Delivery, remote recovery & integration",ADR-0037 says a changed candidate needs fresh review but does not name target movement as the trigger.,WB-0037,MERGE WITH ADR-0037,ADR-0037 amendment,High,no
R078,Remote recovery is proven by the actual ref and object,"Delivery, remote recovery & integration","AGENTS says a tracking upstream is not proof of containment, but no ADR carries the evidence-identity rationale; the /land skill exists only in the personal home.",-,KEEP - ADR,CAND-I,High,no
R079,Preserve dirty work and recover before cleanup,"Delivery, remote recovery & integration",AGENTS Safety preserves unrelated dirty work; recovery-before-cleanup ordering is unstated.,-,MERGE WITH CAND-I,CAND-I,High,no
R080,Public products exclude private instance state,"Adoption, upgrade & installed integrity",Public/private packaging is implied by sole-source but not stated; this repo's templates/ dogfood boundary is the live instance.,WB-0031,MERGE WITH ADR-0026,ADR-0026 amendment,Medium,no
R081,Package mechanically; review publication judgment independently,"Adoption, upgrade & installed integrity","Same proof-vs-judgment split as R019, applied to publication.",-,MERGE WITH CAND-B,CAND-B,Medium,no
R082,Integration delivery does not grant main promotion,"Delivery, remote recovery & integration",AGENTS: only the owner merges integration into main; permission layer blocks it.,WB-0039,ALREADY COVERED,"AGENTS.md, ADR-0039",High,no
R083,Completion must reconcile the owning downstream boundary,"Delivery, remote recovery & integration","AGENTS Branch Completion covers merge and containment, not the authored/reviewed/installed/running/accepted ladder.",GO-0024 WB-0037,MERGE WITH CAND-I,CAND-I,High,no
R084,Human-readable staged setup rather than an opaque giant wizard,"Adoption, upgrade & installed integrity","Setup is already staged across genesis/adoption skills plus small tools; the preference deserves recording, not enforcing.",-,KEEP - DOC,README.md / RUNBOOK.md,Medium,no
R085,"Prove the harness improves work, not just its own score","Evidence, review & evaluation","evals/ (condition-blind grader, held-out task_b), outcomes/ (conditions, mock agents) and S-002 complete all exist with NO ADR governing them.",-,KEEP - ADR,CAND-C,High,no
R086,"Use held-out, condition-blind comparisons","Evidence, review & evaluation",S-002 complete: condition-blind held-out path-safety fixture and grader.,-,MERGE WITH CAND-C,CAND-C,High,no
R087,Judge resulting state and honest incompleteness,"Evidence, review & evaluation",evals/tasks/task_a_scope_honesty grades honest incompleteness; the invariant has no durable owner.,-,MERGE WITH CAND-C,CAND-C,High,no
R088,"Inspection, observed use and behavioral tests stay separate","Evidence, review & evaluation",REPORT_FORMAT warns static checks prove no outcome improvement but does not name the three evidence types.,AU-0001,MERGE WITH CAND-D,CAND-D,High,no
R089,Evaluated model and reviewer model are independent fields,"Evidence, review & evaluation",VERIFIED GAP: REPORT_FORMAT requires target revision and skill-copy provenance but never requires naming the evaluated model separately from the reporting model.,AU-0002,KEEP - CONTRACT,REPORT_FORMAT.md + CAND-D,High,no
R090,One finding can have many observations and occurrences,"Evidence, review & evaluation",REPORT_FORMAT already scopes finding IDs to the report and requires an explicit shared recurrence key.,AU-0003,ALREADY COVERED,REPORT_FORMAT.md,High,no
R091,Execution failures are not automatically harness defects,"Evidence, review & evaluation",REPORT_FORMAT has an Evidence And Limitations section but no named execution/evidence failure states.,AU-0004,KEEP - CONTRACT,REPORT_FORMAT.md + CAND-D,Med-High,no
R092,Investigate a finding before repairing it,"Evidence, review & evaluation","'Challenged Or Rejected Findings' section requires exactly this, including retaining dissent.",WB-0037 WB-0038,ALREADY COVERED,REPORT_FORMAT.md,High,no
R093,Audit Workbench owns independent review history and visualization,"Evidence, review & evaluation",Audit_Workbench S-001 harness-review-ledger and S-003 decision-first-website own it.,AU-0006,OUT OF SCOPE,Audit_Workbench,High,no
R094,Central review storage with a standalone fallback,"Evidence, review & evaluation",Audit_Workbench S-005 release-campaigns; upstream keeps the destination-optional wording already in REPORT_FORMAT.,AU-0006,OUT OF SCOPE,Audit_Workbench,Med-High,no
R095,The reviewer must itself be reviewed independently,"Evidence, review & evaluation",VERIFIED: Audit_Workbench S-008-self-enrolment-and-reviewer-independence already owns this.,-,OUT OF SCOPE,Audit_Workbench,High,no
R096,"Separate source development, deployment and audit roles across rooms","Evidence, review & evaluation","Three rooms verified present (LLM_Workbench, GPT_OS, Audit_Workbench); ADR-0026 names only source-vs-extension, not the deployer/auditor roles.",-,MERGE WITH ADR-0026,ADR-0026 amendment,Med-High,no
R097,Review each adopted release and preserve longitudinal comparisons,"Evidence, review & evaluation",Campaign scheduling is Audit S-005; the portable identity half is folded into CAND-D.,AU-0004,OUT OF SCOPE,Audit_Workbench,Medium,no
R098,Measure owner coordination work as harness friction,"Evidence, review & evaluation",VERIFIED: S-049 is complete; the /carry skill records each occurrence where the owner still had to supply routine coordination.,-,ALREADY COVERED,S-049,High,no
R099,Preserve visibility and epistemic states rather than filling gaps,"Evidence, review & evaluation",Diagnostics already model stale/unknown states; the shared evidence vocabulary is unwritten.,-,MERGE WITH CAND-D,CAND-D,Medium,no
R100,Do not weaken criteria to make self-improvement look successful,"Evidence, review & evaluation",AGENTS forbids weakening criteria to raise a score; the baseline-retention rationale has no ADR.,-,MERGE WITH CAND-C,CAND-C,High,no
R101,Feedback repair loops are bounded and independently reviewed,"Evidence, review & evaluation",Optional automation; AGENTS already forbids the base from starting one.,-,OUT OF SCOPE,Audit_Workbench,Medium,no
R102,Setup proof precedes the feedback workflow,"Evidence, review & evaluation","ADR-0038 accepted, canonicalized in RUNBOOK/BLUEPRINT/S-027.",WB-0038,ALREADY COVERED,ADR-0038,High,no
R103,Prefer real useful acceptance work over artificial workflow evidence,"Evidence, review & evaluation",ADR-0038 rejects artificial pilots; the positive rule belongs with the evaluation contract.,WB-0038,MERGE WITH CAND-C,CAND-C,High,no
R104,Reuse the existing behavioral evaluation runner before building another,"Evidence, review & evaluation",AU-0005 is still 'Proposed' downstream; upstream evals/run.py already exists.,AU-0005,OUT OF SCOPE,Audit_Workbench,High,no
R105,Report permission fidelity across prose and provider controls,"Evidence, review & evaluation",S-034 control-fidelity-report and S-036 both complete; no ADR carries the capability-fidelity invariant.,AU-0007 WB-0005,KEEP - ADR,CAND-K,High,no
R106,One durable writer per shared surface,Coordination & concurrency,AGENTS has a one-line rule ('one single durable writer for shared spec/Taskboard state') with no rationale or general scope.,-,KEEP - ADR,CAND-M,Med-High,no
R107,A durable task is distinct from a worker or attempt,Coordination & concurrency,Job Order / Claim / Run schemas are Foundry-owned; GO-0021 removed the base requirement.,-,MERGE WITH CAND-R,CAND-R,High,no
R108,Rejection and in-scope repair stay on the same task,Coordination & concurrency,Extension retry semantics; no upstream consumer.,-,MERGE WITH CAND-R,CAND-R,High,no
R109,Captain directs; Steward manages bounded execution,Coordination & concurrency,Captain/Steward are extension roles; ADR-0036 already rejects permanent role departments upstream.,-,MERGE WITH CAND-R,CAND-R,High,no
R110,Parallel execution requires satisfied dependencies and disjoint ownership,Coordination & concurrency,The disjoint-write-surface half is portable; the dependency-gate half is coordinator-owned.,-,MERGE WITH CAND-M,CAND-M,Medium,no
R111,"Keep implementation, review and mutation authority distinct",Coordination & concurrency,ADR-0037 forbids self-review satisfying the gate; CAND-B carries the general separation.,WB-0037,ALREADY COVERED,"ADR-0037, CAND-B",High,no
R112,The seven Flight stages must form a real installed chain,Coordination & concurrency,Seven Flight stage skills exist only in the personal home; not a Workbench capability.,-,MERGE WITH CAND-R,CAND-R,High,no
R113,"Handoffs preserve context and exact evidence, not authority",Coordination & concurrency,Handoff-preserves-context-not-authority is the same rule CAND-A must state.,WB-0040 GO-0012,MERGE WITH CAND-A,CAND-A,High,no
R114,Preflight checks facts immediately before sensitive execution,Coordination & concurrency,The portable half is 'reread race-sensitive state at the boundary'; Flight receipts stay extension-owned.,-,MERGE WITH CAND-I,CAND-I,Medium,no
R115,One lifecycle transaction includes one Journal event,Coordination & concurrency,Journal/lifecycle engine is extension-only.,-,MERGE WITH CAND-R,CAND-R,High,no
R116,Cooperative compare-and-swap is not hostile-writer enforcement,Coordination & concurrency,CAS is extension-only; its honesty lesson is generic but already covered by ADR-0005.,-,MERGE WITH CAND-R,CAND-R,High,no
R117,Multi-repository parents aggregate immutable child results,Coordination & concurrency,Multi-repository parent aggregation has no upstream consumer.,-,MERGE WITH CAND-R,CAND-R,High,no
R118,Bound automatic repair and distinguish ambiguous results,Coordination & concurrency,Bounded automatic repair is coordinator policy.,-,MERGE WITH CAND-R,CAND-R,High,no
R119,Versioned lifecycle migration has one live writer,Coordination & concurrency,"Lifecycle migration with one live writer; extension-owned, echoes CAND-M.",-,MERGE WITH CAND-R,CAND-R,High,no
R120,Date-only freshness uses the declared local day,Coordination & concurrency,VERIFIED GAP: diagnostics.mjs stale-claim says 'older than one working day' and no tool defines the day boundary or timezone.,-,KEEP - DOC,LEXICON.md / RUNBOOK.md,Med-High,no
R121,Evidence partition must preserve exact prior bytes and proof boundaries,"Evidence, review & evaluation","S-036/S-038 hit this in practice; a rollover convention is owed, not an ADR.",-,KEEP - DOC,RUNBOOK.md,Medium,no
R122,Foundry connects Workbench rooms through optional capabilities,Extension architecture (Foundry/CIC/Audit),ADR-0015 already names Foundry's capabilities; the architecture detail is history.,WB-0015,MERGE WITH CAND-R,CAND-R,High,no
R123,Sockets are capability contracts; modules use declared interfaces,Extension architecture (Foundry/CIC/Audit),"Socket contract; tools/socket-contract.mjs exists but serves Foundry-slice work, not the base.",-,MERGE WITH CAND-R,CAND-R,High,no
R124,Socket-to-module cardinality is asymmetric many-to-many,Extension architecture (Foundry/CIC/Audit),Extension data model.,-,MERGE WITH CAND-R,CAND-R,High,no
R125,"Blessed means a suitable implementation, not owner authorship",Extension architecture (Foundry/CIC/Audit),Definition correction worth preserving as lineage.,-,MERGE WITH CAND-R,CAND-R,High,no
R126,Halls are vertical functional boundaries,Extension architecture (Foundry/CIC/Audit),Hall counts explicitly historical.,-,MERGE WITH CAND-R,CAND-R,High,no
R127,"Separate domain core, execution engine and orchestration",Extension architecture (Foundry/CIC/Audit),Domain/engine/orchestration split; no upstream consumer.,-,MERGE WITH CAND-R,CAND-R,High,no
R128,Replace scaffolding only after preserving its rules in the successor,Extension architecture (Foundry/CIC/Audit),Sandcastle is not a current dependency.,-,MERGE WITH CAND-R,CAND-R,High,no
R129,Each Hall builds the deterministic workers it needs,Extension architecture (Foundry/CIC/Audit),Correction to the all-Pawns model; history.,-,MERGE WITH CAND-R,CAND-R,High,no
R130,Gatehouse enforces passage but does not grant authority,Extension architecture (Foundry/CIC/Audit),Gatehouse separation; GO-0006 downstream.,GO-0006,MERGE WITH CAND-R,CAND-R,High,no
R131,"Scheduling, orchestration, validation and audit have separate responsibilities",Extension architecture (Foundry/CIC/Audit),Thirteen-Hall responsibility map; explicitly not thirteen services.,-,MERGE WITH CAND-R,CAND-R,High,no
R132,"Public source, installed module and running service have distinct owners",Extension architecture (Foundry/CIC/Audit),Producer/installed/running split — the generic half is CAND-H.,-,MERGE WITH CAND-R,CAND-R,High,no
R133,Operating identity is independent of the model engine,Extension architecture (Foundry/CIC/Audit),Provider-neutral identity; the generic half is already in ADR-0041 and CAND-D.,-,MERGE WITH CAND-R,CAND-R,High,no
R134,"CAS separates owner-facing direction, factory execution and outside-world assistance",Extension architecture (Foundry/CIC/Audit),CAS roles; name collision noted in source.,-,MERGE WITH CAND-R,CAND-R,High,no
R135,A connected system must still cold-start from its own records,Extension architecture (Foundry/CIC/Audit),Cold-start-from-own-records is the same acceptance boundary CAND-A states.,-,MERGE WITH CAND-A,CAND-A,High,no
R136,Cross-machine sync targets selected structure and knowledge,Extension architecture (Foundry/CIC/Audit),"RESOLVED 2026-09-07: the sync scope is live notepads, grilling records and handoffs only - project-owned schemas, templates and promoted documentation stay in the project repository, satisfying the selected-structure requirement.",-,RESOLVED,ADR (CAND-N),High,no
R137,Schematic explains intended design; CIC mirrors live state,Extension architecture (Foundry/CIC/Audit),Schematic/CIC separation; extension products.,-,MERGE WITH CAND-R,CAND-R,High,no
R138,"Show workflow, governance and structure as distinct views",Extension architecture (Foundry/CIC/Audit),View architecture; not a base requirement.,-,MERGE WITH CAND-R,CAND-R,High,no
R139,The simulator is deterministic and can expose failure paths,Extension architecture (Foundry/CIC/Audit),Simulator determinism; extension product.,-,MERGE WITH CAND-R,CAND-R,High,no
R140,"Draft, explicit send and authorized work are separate states",Extension architecture (Foundry/CIC/Audit),"Draft/send/authorize boundary — generic value noted, no upstream interface exists.",-,MERGE WITH CAND-R,CAND-R,High,no
R141,Show the selected route and preserve the task's home,Extension architecture (Foundry/CIC/Audit),Multi-provider Entrance; no upstream consumer.,-,MERGE WITH CAND-R,CAND-R,High,no
R142,A dashboard state change can express intent without completing work,Extension architecture (Foundry/CIC/Audit),"Intent-vs-observed-state on a board; upstream TASKBOARD is generated, so it cannot express intent.",-,MERGE WITH CAND-R,CAND-R,High,no
R143,"Liveness, load, reasoning effort and work status are separate signals",Extension architecture (Foundry/CIC/Audit),Liveness/load/effort/status separation; extension telemetry.,-,MERGE WITH CAND-R,CAND-R,High,no
R144,Heartbeat is an authoritative snapshot plus observer acknowledgement,Extension architecture (Foundry/CIC/Audit),Heartbeat cadences explicitly not generalizable.,-,MERGE WITH CAND-R,CAND-R,High,no
R145,No silent activation,Extension architecture (Foundry/CIC/Audit),"No-silent-activation: accepted intent, delivery deferred; keep both facts.",-,MERGE WITH CAND-R,CAND-R,High,no
R146,"Projection is a shared cached entry surface, with visible staleness",Extension architecture (Foundry/CIC/Audit),TASKBOARD is a generated projection; render-drift is a registered selection-blocking code. Projection cannot authorize.,WB-0042,ALREADY COVERED,"ADR-0020, ADR-0029",Medium,no
R147,Flight Rack aggregates counts and preserves individual history,Extension architecture (Foundry/CIC/Audit),Flight Rack visual data model.,-,MERGE WITH CAND-R,CAND-R,High,no
R148,Accessibility is part of operational telemetry,Extension architecture (Foundry/CIC/Audit),Accessibility in telemetry; retain for any future interface.,-,MERGE WITH CAND-R,CAND-R,High,no
R149,Owner-visible acceptance goes beyond server health,Extension architecture (Foundry/CIC/Audit),Owner-visible acceptance beyond server health is the outcome-acceptance rule CAND-C states.,-,MERGE WITH CAND-C,CAND-C,Medium,no
R150,Python is the owner's stated preferred runtime language,Open owner choices,"RESOLVED 2026-09-07: runtime stays Node. Basis is format fit - JSON is JavaScript's native object syntax, parsed as first-class values with no conversion step, serving ADR-0040/S-046. Verified: 61 .mjs tools; Python is exactly the evals lane plus the tools/check-append-only.py pair.",-,RESOLVED,ADR (CAND-O),High,no
R151,Native provider adapters and hard hooks need an explicit choice,Open owner choices,"RESOLVED 2026-09-07: a small minimum capability contract verified in the actual configured environment, with operational capability, machine enforcement and agent instruction-following kept as separate evidence classes. Provider-native adapters stay outside the core commitment; unavailable or inconclusive checks stay unverified.",WB-0005,RESOLVED,ADR (CAND-P),High,no
R152,"Parallel specialist ensembles were explored, not made universal",Open owner choices,ADR-0036's four stances deliberately replace agent departments; AGENTS states loading a stance never spawns an agent.,-,SUPERSEDED,ADR-0036,Med-High,no
R153,Track total delegated token/cost burden,Open owner choices,No delegated-cost measurement exists; no cap was ever settled.,-,KEEP - DOC,evals / outcomes README,Medium,no
R154,Review stale projects before archiving,Open owner choices,Portfolio hygiene is not a single-room concern; the two-week threshold was conversational.,-,OUT OF SCOPE,Coordinator/extension,High,no
R155,Governance policy as data with a derived matrix,Open owner choices,GO-0004/GO-0006 clearance policy; no upstream consumer.,GO-0004 GO-0006,OUT OF SCOPE,GPT_OS,High,no
R156,Governance verbs name operations; the complete verb catalog remained open,Open owner choices,GO-0007 verb catalog left open downstream.,GO-0007,OUT OF SCOPE,GPT_OS,High,no
R157,Job Orders link their sources and bound authority by intersection,Open owner choices,GO-0021 already removed the ordinary-work requirement; upstream ADR-0015 keeps it out of the base.,GO-0009 GO-0010 GO-0011 GO-0012,OUT OF SCOPE,GPT_OS,High,no
R158,"Do not import unresolved Flightbook, Issues or sandbox choices",Open owner choices,Explicitly unresolved in their own records; importing them would manufacture decisions.,-,OUT OF SCOPE,GPT_OS / Foundry,High,no
R159,Retired producer topology and permanent role cages are history,Open owner choices,Retained as dated lineage inside CAND-R; never revived as binding.,WB-0026 WB-0036,SUPERSEDED,"ADR-0026, ADR-0036",High,no
R160,"Plane passage is selective, not a universal six-stop workflow",Authority & governance planes,"AGENTS: planes classify 'claims and their use in one operation, never whole files'. No six-stop workflow exists.",WB-0001 WB-0025,ALREADY COVERED,"ADR-0001, ADR-0025",High,no
R161,Resolve contradictions openly before rewriting the owning claim,Authority & governance planes,AGENTS State Resolution: 'name the condition instead of picking a winner'.,WB-0027,ALREADY COVERED,ADR-0027,High,no
R162,Promote is a decision-only operation; save is agnostic,Skill composition & bundle,"RESOLVED 2026-09-07: promote and save become Workbench core dependencies, reconciled rather than copied. The GP-22/23/62 contract survives; its Foundry, Job Order and Markdown-notepad assumptions do not.",-,RESOLVED,ADR (CAND-F),High,no
R163,"Use repeatable process, not identical generated wording",Skill composition & bundle,Useful evaluation distinction; nothing upstream states it.,-,KEEP - DOC,skills/README.md,Med-High,no
R164,Operational knowledge is part of docs maintenance,"Records, ownership & navigation",The ownership table routes durable knowledge to workbench/wiki/ with 'never copied task state'.,WB-0018 WB-0035,ALREADY COVERED,AGENTS.md docs table,High,no
R165,"An Example Workbench is a conformance reference, not unexplained imitation","Evidence, review & evaluation",Example_Workbench verified present; Audit S-009 does v3.1.2 conformance. The reference/deviation semantics have no upstream owner.,-,MERGE WITH CAND-K,CAND-K,Med-High,no
R166,Declared support needs a real consumer and fresh-clone proof,"Adoption, upgrade & installed integrity",ADR-0038 requires fresh-agent setup proof; the general 'declared support needs a real consumer' rule is unstated.,WB-0031 WB-0038,MERGE WITH CAND-H,CAND-H,High,no
R167,A connected Foundry can span multiple factories and one shared service layer,Extension architecture (Foundry/CIC/Audit),Connected-Foundry ruling; extension topology.,-,MERGE WITH CAND-R,CAND-R,High,no
R168,Owner interfaces should show the next actionable issue and its evidence,Extension architecture (Foundry/CIC/Audit),Audit_Workbench S-003 decision-first-website owns the owner-facing surface.,-,OUT OF SCOPE,Audit_Workbench,High,no
R169,Unavailable baseline is a third state with evidence,"Adoption, upgrade & installed integrity",S-041 is complete and records an explicit owner choice (record-and-proceed) with no ADR carrying it.,-,KEEP - ADR,CAND-J,High,no
R170,Template customization must preserve fixed control wording,"Adoption, upgrade & installed integrity",S-034 produces the fidelity report; the Forbidden-to-Allowed reversal is the motivating failure.,-,MERGE WITH CAND-K,CAND-K,High,no
R171,Installed skills carry their own generation and content identity,"Adoption, upgrade & installed integrity",S-031 installed-skill-generation complete; doctor emits 33 skill-generation-unknown findings right now on this very room.,-,MERGE WITH CAND-H,CAND-H,High,no
R172,Historical adoption provenance is distinct from current component provenance,"Adoption, upgrade & installed integrity","VERIFIED live: manifest provenance.source.release v3.1.0 vs workbenchVersion v3.1.3 is reported as unverified-provenance, exactly the distinction this states.",-,MERGE WITH CAND-H,CAND-H,High,no
R173,Verify runtime integrity from inside the installed room,"Adoption, upgrade & installed integrity",S-039 installed-runtime-integrity complete.,-,MERGE WITH CAND-H,CAND-H,High,no
R174,Presence-only migration must not acquire replacement effects,"Adoption, upgrade & installed integrity",S-045 TK-001 settled it in code: tools/skill-presence.mjs now holds the single presence judgment shared by the installer and both gates. The rationale has no ADR.,-,MERGE WITH CAND-G,CAND-G,High,no
R175,Repair installed state explicitly without reinstalling or rewriting content,"Adoption, upgrade & installed integrity",S-042 installed-state-repair complete.,-,MERGE WITH CAND-G,CAND-G,High,no
R176,"Line endings are portable record syntax, not semantic state","Adoption, upgrade & installed integrity",S-037 complete with tests; the invariant binds every future record parser and has no ADR.,-,KEEP - ADR,CAND-L,Med-High,no
R177,"Diagnostics must communicate consequence, not just severity",Authority & governance planes,VERIFIED: doctor prints 'informational (33) - reported only; nothing is blocked' and each line names its effect.,WB-0029,ALREADY COVERED,"ADR-0029, S-043",High,no
R178,Classify legacy rooms read-only and expose all setup gaps together,"Adoption, upgrade & installed integrity",S-044 legacy-room-classification complete.,-,MERGE WITH CAND-G,CAND-G,High,no
R179,Open follow-ups must remain reachable outside completed specs,"Records, ownership & navigation","VERIFIED: S-045 was opened because seven follow-ups survived only as prose in completed specs, and is now complete - the invariant worked once given an owner, but nothing records it.",WB-0035 WB-0042,KEEP - ADR,CAND-S,High,no
R180,"Tests should pin the intended invariant, not incidental global state","Evidence, review & evaluation","AGENTS mandates red/green TDD; the 'pin the invariant, not incidental global state' lesson has no owner.",-,MERGE WITH CAND-C,CAND-C,Med-High,no
R181,"Finish file-changing work with verified, recoverable, reviewable state",Delivery without governance tax,AGENTS Branch Completion carries the end-to-end expectation; ADR-0034/0037 narrow the early every-message formulation.,WB-0034 WB-0037,ALREADY COVERED,"AGENTS.md, ADR-0037",High,no
